checkpoint,architecture,layer,head,learned_bias,fixed_config_bias,total_zero_input_logit,gamma_zero_input,one_minus_gamma,half_life_tokens,efold_tokens,weight_l2,weight_rms,input_dim,parameter
atma-10b-L4-mbs4-nope__reg-baseline__distr-0__mem-1__win-0,nope,10,0,0.8681861162185669,3.9,4.768186116218567,0.9915757936314729,0.008424206368527087,81.93335090933897,118.20483904031857,3.6451990604400635,0.11391247063875198,1024,blocks.10.attn.mem.w_gamma
atma-10b-L4-mbs4-nope__reg-baseline__distr-0__mem-1__win-0,nope,10,1,-0.15696817636489868,3.9,3.7430318236351012,0.9768656775675163,0.02313432243248365,29.613927975423497,42.72386703138642,2.8657538890838623,0.0895548090338707,1024,blocks.10.attn.mem.w_gamma
atma-10b-L4-mbs4-nope__reg-baseline__distr-0__mem-1__win-0,nope,10,2,-1.6819281578063965,3.9,2.2180718421936034,0.9018606704928286,0.0981393295071714,6.710349798785382,9.680988377337924,2.1733956336975098,0.06791861355304718,1024,blocks.10.attn.mem.w_gamma
atma-10b-L4-mbs4-nope__reg-baseline__distr-0__mem-1__win-0,nope,10,3,0.25725990533828735,3.9,4.157259905338288,0.9845907774789818,0.01540922252101818,44.635148076040835,64.39490677864868,3.467477560043335,0.10835868120193481,1024,blocks.10.attn.mem.w_gamma
atma-10b-L4-mbs4-nope__reg-baseline__distr-0__mem-1__win-0,nope,10,4,-1.4442843198776245,3.9,2.4557156801223754,0.9209784239966399,0.07902157600336014,8.42029132589054,12.147912538702638,2.5343947410583496,0.07919983565807343,1024,blocks.10.attn.mem.w_gamma
atma-10b-L4-mbs4-nope__reg-baseline__distr-0__mem-1__win-0,nope,10,5,0.3204592764377594,3.9,4.22045927643776,0.985520831119617,0.014479168880383048,47.524612121971636,68.56352222854,3.355426788330078,0.10485707968473434,1024,blocks.10.attn.mem.w_gamma
atma-10b-L4-mbs4-nope__reg-baseline__distr-0__mem-1__win-0,nope,10,6,0.8370307683944702,3.9,4.737030768394471,0.9913115195228727,0.008688480477127315,79.43064440327568,114.59419677522051,4.783857822418213,0.14949554204940796,1024,blocks.10.attn.mem.w_gamma
atma-10b-L4-mbs4-nope__reg-baseline__distr-0__mem-1__win-0,nope,10,7,-0.9456384778022766,3.9,2.9543615221977233,0.9504692218010696,0.049530778198930404,13.644764202894736,19.685233649615483,2.618455410003662,0.08182673156261444,1024,blocks.10.attn.mem.w_gamma
atma-10b-L4-mbs4-nope__reg-baseline__distr-0__mem-1__win-0,nope,14,0,-0.1896226853132248,3.9,3.710377314686775,0.9761161086773342,0.023883891322665773,28.673564783876383,41.36720971830688,2.863027572631836,0.08946960419416428,1024,blocks.14.attn.mem.w_gamma
atma-10b-L4-mbs4-nope__reg-baseline__distr-0__mem-1__win-0,nope,14,1,-0.11696101725101471,3.9,3.783038982748985,0.9777527622249144,0.022247237775085683,30.808677060224923,44.447525611136065,3.763110876083374,0.11759721487760544,1024,blocks.14.attn.mem.w_gamma
atma-10b-L4-mbs4-nope__reg-baseline__distr-0__mem-1__win-0,nope,14,2,-0.24232441186904907,3.9,3.657675588130951,0.9748561254961722,0.025143874503827806,27.219193800476482,39.26899591294304,4.33173942565918,0.13536685705184937,1024,blocks.14.attn.mem.w_gamma
atma-10b-L4-mbs4-nope__reg-baseline__distr-0__mem-1__win-0,nope,14,3,0.30908289551734924,3.9,4.20908289551735,0.9853575957303031,0.014642404269696927,46.99091908143424,67.79356592559975,4.211315631866455,0.13160361349582672,1024,blocks.14.attn.mem.w_gamma
atma-10b-L4-mbs4-nope__reg-baseline__distr-0__mem-1__win-0,nope,14,4,-0.9445568919181824,3.9,2.9554431080818175,0.9505201153377545,0.049479884662245545,13.659161386959184,19.706004395668028,2.1178536415100098,0.0661829262971878,1024,blocks.14.attn.mem.w_gamma
atma-10b-L4-mbs4-nope__reg-baseline__distr-0__mem-1__win-0,nope,14,5,-0.4700090289115906,3.9,3.4299909710884093,0.9686287933909429,0.031371206609057144,21.746597147941266,31.37370786154494,3.1803627014160156,0.09938634186983109,1024,blocks.14.attn.mem.w_gamma
atma-10b-L4-mbs4-nope__reg-baseline__distr-0__mem-1__win-0,nope,14,6,-0.08541522920131683,3.9,3.814584770798683,0.9784287122568085,0.021571287743191465,31.785027310408072,45.85610127524599,3.471381187438965,0.10848065465688705,1024,blocks.14.attn.mem.w_gamma
atma-10b-L4-mbs4-nope__reg-baseline__distr-0__mem-1__win-0,nope,14,7,0.5519478917121887,3.9,4.451947891712189,0.9884784527888365,0.011521547211163522,59.81370311968072,86.29293286796809,4.488718032836914,0.14027243852615356,1024,blocks.14.attn.mem.w_gamma
atma-10b-L4-mbs4-nope__reg-baseline__distr-0__mem-1__win-0,nope,2,0,-0.0699317678809166,3.9,3.8300682321190833,0.9787530962545167,0.021246903745483325,32.27563020901292,46.56389164410895,1.9039064645767212,0.05949707701802254,1024,blocks.2.attn.mem.w_gamma
atma-10b-L4-mbs4-nope__reg-baseline__distr-0__mem-1__win-0,nope,2,1,-2.2628860473632812,3.9,1.6371139526367187,0.8371418498252183,0.16285815017478172,3.8993044647880857,5.625507214265965,1.4540880918502808,0.045440252870321274,1024,blocks.2.attn.mem.w_gamma
atma-10b-L4-mbs4-nope__reg-baseline__distr-0__mem-1__win-0,nope,2,2,-1.594652771949768,3.9,2.305347228050232,0.9093189269184033,0.09068107308159666,7.291727503952016,10.519739109465233,1.2652100324630737,0.039537813514471054,1024,blocks.2.attn.mem.w_gamma
atma-10b-L4-mbs4-nope__reg-baseline__distr-0__mem-1__win-0,nope,2,3,0.385171115398407,3.9,4.285171115398407,0.9864158066797105,0.01358419332028952,50.678646112017326,73.11383142477415,2.3224573135375977,0.07257679849863052,1024,blocks.2.attn.mem.w_gamma
atma-10b-L4-mbs4-nope__reg-baseline__distr-0__mem-1__win-0,nope,2,4,0.15159331262111664,3.9,4.051593312621117,0.9829027627897563,0.01709723721024367,40.19390328946571,57.98754494968277,1.6514027118682861,0.05160633102059364,1024,blocks.2.attn.mem.w_gamma
atma-10b-L4-mbs4-nope__reg-baseline__distr-0__mem-1__win-0,nope,2,5,1.084577202796936,3.9,4.984577202796936,0.9932038334503159,0.006796166549684022,101.6439380416937,146.64120534917657,3.24381160736084,0.10136910527944565,1024,blocks.2.attn.mem.w_gamma
atma-10b-L4-mbs4-nope__reg-baseline__distr-0__mem-1__win-0,nope,2,6,-2.2190330028533936,3.9,1.6809669971466064,0.8430325350208324,0.15696746497916764,4.059433599911211,5.856524723409936,1.4222742319107056,0.04444606974720955,1024,blocks.2.attn.mem.w_gamma
atma-10b-L4-mbs4-nope__reg-baseline__distr-0__mem-1__win-0,nope,2,7,1.6867291927337646,3.9,5.586729192733765,0.9962667251462678,0.0037332748537322394,185.32054205439192,267.3610269967258,3.3567991256713867,0.10489997267723083,1024,blocks.2.attn.mem.w_gamma
atma-10b-L4-mbs4-nope__reg-baseline__distr-0__mem-1__win-0,nope,6,0,-0.7540045976638794,3.9,3.1459954023361205,0.9587506391943248,0.041249360805675254,16.454821688342292,23.739289648483584,2.4279139041900635,0.07587230950593948,1024,blocks.6.attn.mem.w_gamma
atma-10b-L4-mbs4-nope__reg-baseline__distr-0__mem-1__win-0,nope,6,1,-1.3377015590667725,3.9,2.5622984409332275,0.9283954025938863,0.07160459740611369,9.32934019156156,13.459392829131955,1.967108130455017,0.06147213280200958,1024,blocks.6.attn.mem.w_gamma
atma-10b-L4-mbs4-nope__reg-baseline__distr-0__mem-1__win-0,nope,6,2,0.3881535530090332,3.9,4.288153553009034,0.9864557124176223,0.013544287582377728,50.828987147517886,73.33072769113292,3.1576154232025146,0.09867548197507858,1024,blocks.6.attn.mem.w_gamma
atma-10b-L4-mbs4-nope__reg-baseline__distr-0__mem-1__win-0,nope,6,3,-1.2029298543930054,3.9,2.6970701456069945,0.9368535384126396,0.06314646158736038,10.62647637725742,15.330764771592998,2.3622329235076904,0.07381978631019592,1024,blocks.6.attn.mem.w_gamma
atma-10b-L4-mbs4-nope__reg-baseline__distr-0__mem-1__win-0,nope,6,4,1.4051837921142578,3.9,5.305183792114258,0.9950587517066397,0.004941248293360342,139.9308878107866,201.87759791181173,4.411503791809082,0.1378594934940338,1024,blocks.6.attn.mem.w_gamma
atma-10b-L4-mbs4-nope__reg-baseline__distr-0__mem-1__win-0,nope,6,5,-0.9200968146324158,3.9,2.979903185367584,0.9516579175055291,0.04834208249447092,13.988945084485037,20.181781700654604,2.9165680408477783,0.09114275127649307,1024,blocks.6.attn.mem.w_gamma
atma-10b-L4-mbs4-nope__reg-baseline__distr-0__mem-1__win-0,nope,6,6,-0.5540528297424316,3.9,3.3459471702575683,0.9659718697383997,0.034028130261600315,20.021255274237937,28.884565696515075,2.75854229927063,0.08620444685220718,1024,blocks.6.attn.mem.w_gamma
atma-10b-L4-mbs4-nope__reg-baseline__distr-0__mem-1__win-0,nope,6,7,-0.49674683809280396,3.9,3.403253161907196,0.9678060500926728,0.03219394990732719,21.18189157266418,30.559009928530344,3.286400318145752,0.10270000994205475,1024,blocks.6.attn.mem.w_gamma
atma-10b-L40S-mbs16-nope__reg-baseline__distr-0__mem-1__win-0,nope,10,0,-0.03107716143131256,3.9,3.8689228385686874,0.9795462424685225,0.020453757531477462,33.54073361517963,48.389050054397416,2.7072837352752686,0.08460261672735214,1024,blocks.10.attn.mem.w_gamma
atma-10b-L40S-mbs16-nope__reg-baseline__distr-0__mem-1__win-0,nope,10,1,0.7880715727806091,3.9,4.6880715727806095,0.9908795295279182,0.009120470472081723,75.65195694667868,109.14270312051869,4.535439491271973,0.14173248410224915,1024,blocks.10.attn.mem.w_gamma
atma-10b-L40S-mbs16-nope__reg-baseline__distr-0__mem-1__win-0,nope,10,2,-0.2864691913127899,3.9,3.61353080868721,0.9737510786637971,0.026248921336202893,26.058581957242183,37.594586962311915,2.7090654373168945,0.08465829491615295,1024,blocks.10.attn.mem.w_gamma
atma-10b-L40S-mbs16-nope__reg-baseline__distr-0__mem-1__win-0,nope,10,3,0.5482578277587891,3.9,4.448257827758789,0.988436351543774,0.011563648456225985,59.59466505455728,85.97692773764861,3.9014782905578613,0.12192119657993317,1024,blocks.10.attn.mem.w_gamma
atma-10b-L40S-mbs16-nope__reg-baseline__distr-0__mem-1__win-0,nope,10,4,-0.6417574882507324,3.9,3.2582425117492675,0.9629681688071933,0.037031831192806765,18.368851587243526,26.500651091741602,2.398930788040161,0.07496658712625504,1024,blocks.10.attn.mem.w_gamma
atma-10b-L40S-mbs16-nope__reg-baseline__distr-0__mem-1__win-0,nope,10,5,-0.8932921886444092,3.9,3.0067078113555907,0.9528762450357803,0.04712375496421977,14.359720418008603,20.716697435613003,2.684657335281372,0.08389554172754288,1024,blocks.10.attn.mem.w_gamma
atma-10b-L40S-mbs16-nope__reg-baseline__distr-0__mem-1__win-0,nope,10,6,-1.9712638854980469,3.9,1.928736114501953,0.8731094608688383,0.12689053913116166,5.1081507785527895,7.369503796331207,2.119703531265259,0.06624073535203934,1024,blocks.10.attn.mem.w_gamma
atma-10b-L40S-mbs16-nope__reg-baseline__distr-0__mem-1__win-0,nope,10,7,1.1677391529083252,3.9,5.0677391529083256,0.9937427597874761,0.006257240212523994,110.4282869464309,159.31434195147932,4.367496967315674,0.1364842802286148,1024,blocks.10.attn.mem.w_gamma
atma-10b-L40S-mbs16-nope__reg-baseline__distr-0__mem-1__win-0,nope,14,0,-0.7705504894256592,3.9,3.1294495105743407,0.958091295062724,0.04190870493727603,16.190409536850357,23.35782354877539,2.7218799591064453,0.08505874127149582,1024,blocks.14.attn.mem.w_gamma
atma-10b-L40S-mbs16-nope__reg-baseline__distr-0__mem-1__win-0,nope,14,1,-0.3418268859386444,3.9,3.5581731140613555,0.9722984143852337,0.027701585614766284,24.67373534745482,35.59667562597979,2.244446039199829,0.07013893872499466,1024,blocks.14.attn.mem.w_gamma
atma-10b-L40S-mbs16-nope__reg-baseline__distr-0__mem-1__win-0,nope,14,2,-0.29169169068336487,3.9,3.608308309316635,0.9736172612391703,0.026382738760829697,25.924635099869477,37.40134249543765,2.559272050857544,0.07997725903987885,1024,blocks.14.attn.mem.w_gamma
atma-10b-L40S-mbs16-nope__reg-baseline__distr-0__mem-1__win-0,nope,14,3,0.31655633449554443,3.9,4.216556334495545,0.9854650323359555,0.01453496766404455,47.34083128795563,68.29838253069467,4.1749444007873535,0.1304669976234436,1024,blocks.14.attn.mem.w_gamma
atma-10b-L40S-mbs16-nope__reg-baseline__distr-0__mem-1__win-0,nope,14,4,0.4336737096309662,3.9,4.3336737096309665,0.9870506237749027,0.012949376225097297,53.18013065674909,76.72271077231905,4.764627933502197,0.14889460802078247,1024,blocks.14.attn.mem.w_gamma
atma-10b-L40S-mbs16-nope__reg-baseline__distr-0__mem-1__win-0,nope,14,5,-0.2292041778564453,3.9,3.6707958221435546,0.975175728430032,0.02482427156996799,27.57413030796285,39.781061052124066,4.087228775024414,0.12772588431835175,1024,blocks.14.attn.mem.w_gamma
atma-10b-L40S-mbs16-nope__reg-baseline__distr-0__mem-1__win-0,nope,14,6,-0.659299373626709,3.9,3.240700626373291,0.9623375112389184,0.03766248876108162,18.05538785703732,26.048418522674552,3.6887149810791016,0.11527235060930252,1024,blocks.14.attn.mem.w_gamma
atma-10b-L40S-mbs16-nope__reg-baseline__distr-0__mem-1__win-0,nope,14,7,-0.34407418966293335,3.9,3.5559258103370666,0.972237820751344,0.027762179248656014,24.619118968635362,35.51788084710565,3.609626531600952,0.11280083656311035,1024,blocks.14.attn.mem.w_gamma
atma-10b-L40S-mbs16-nope__reg-baseline__distr-0__mem-1__win-0,nope,2,0,-1.4437154531478882,3.9,2.4562845468521117,0.9210198145920012,0.07898018540799877,8.42489080229785,12.15454818050615,1.2728875875473022,0.039777737110853195,1024,blocks.2.attn.mem.w_gamma
atma-10b-L40S-mbs16-nope__reg-baseline__distr-0__mem-1__win-0,nope,2,1,0.3468658924102783,3.9,4.246865892410279,0.9858928496685316,0.014107150331468414,48.78706340177535,70.38485442927674,1.7305400371551514,0.05407936871051788,1024,blocks.2.attn.mem.w_gamma
atma-10b-L40S-mbs16-nope__reg-baseline__distr-0__mem-1__win-0,nope,2,2,-2.367192268371582,3.9,1.5328077316284179,0.8224167475119764,0.17758325248802367,3.54536442807051,5.1148796785214605,1.411926031112671,0.044122692197561264,1024,blocks.2.attn.mem.w_gamma
atma-10b-L40S-mbs16-nope__reg-baseline__distr-0__mem-1__win-0,nope,2,3,-0.6394475698471069,3.9,3.260552430152893,0.9630504535604778,0.03694954643952221,18.410539672543848,26.560794285668532,1.4393789768218994,0.04498059302568436,1024,blocks.2.attn.mem.w_gamma
atma-10b-L40S-mbs16-nope__reg-baseline__distr-0__mem-1__win-0,nope,2,4,-1.6798934936523438,3.9,2.220106506347656,0.9020406073631217,0.09795939263687821,6.723334795075927,9.699721767092255,1.4203981161117554,0.044387441128492355,1024,blocks.2.attn.mem.w_gamma
atma-10b-L40S-mbs16-nope__reg-baseline__distr-0__mem-1__win-0,nope,2,5,13.326963424682617,3.9,17.226963424682616,0.9999999670067703,3.29932296821329e-08,21008769.853796065,30309248.083249133,3.3274033069610596,0.10398135334253311,1024,blocks.2.attn.mem.w_gamma
atma-10b-L40S-mbs16-nope__reg-baseline__distr-0__mem-1__win-0,nope,2,6,-0.27399858832359314,3.9,3.6260014116764068,0.9740679500514657,0.025932049948534236,26.38127192916565,38.0601301845505,1.997929334640503,0.062435295432806015,1024,blocks.2.attn.mem.w_gamma
atma-10b-L40S-mbs16-nope__reg-baseline__distr-0__mem-1__win-0,nope,2,7,0.7195861339569092,3.9,4.6195861339569095,0.9902393350084113,0.009760664991588626,70.667199660707,101.95121850401223,3.263201951980591,0.10197505354881287,1024,blocks.2.attn.mem.w_gamma
atma-10b-L40S-mbs16-nope__reg-baseline__distr-0__mem-1__win-0,nope,6,0,-1.7792943716049194,3.9,2.1207056283950805,0.8928994274954363,0.10710057250456373,6.118812297137335,8.82758015721044,2.5551390647888184,0.07984809577465057,1024,blocks.6.attn.mem.w_gamma
atma-10b-L40S-mbs16-nope__reg-baseline__distr-0__mem-1__win-0,nope,6,1,-0.24681267142295837,3.9,3.6531873285770415,0.9747458760164779,0.025254123983522163,27.0988396492322,39.09536157579251,3.088491678237915,0.09651536494493484,1024,blocks.6.attn.mem.w_gamma
atma-10b-L40S-mbs16-nope__reg-baseline__distr-0__mem-1__win-0,nope,6,2,0.7053859829902649,3.9,4.605385982990265,0.9901011251267586,0.009898874873241351,69.67567653939118,100.52075301396314,3.999870538711548,0.12499595433473587,1024,blocks.6.attn.mem.w_gamma
atma-10b-L40S-mbs16-nope__reg-baseline__distr-0__mem-1__win-0,nope,6,3,0.2975783348083496,3.9,4.19757833480835,0.9851906776789938,0.014809322321006199,46.457351846161416,67.02379112129081,2.992194414138794,0.09350607544183731,1024,blocks.6.attn.mem.w_gamma
atma-10b-L40S-mbs16-nope__reg-baseline__distr-0__mem-1__win-0,nope,6,4,-1.0398820638656616,3.9,2.8601179361343383,0.9458393413840149,0.05416065861598504,12.44819308375578,17.958946429962758,2.6386711597442627,0.08245847374200821,1024,blocks.6.attn.mem.w_gamma
atma-10b-L40S-mbs16-nope__reg-baseline__distr-0__mem-1__win-0,nope,6,5,-1.4802286624908447,3.9,2.419771337509155,0.9183225950729108,0.08167740492708919,8.134905911591426,11.736188416751263,2.2510643005371094,0.07034575939178467,1024,blocks.6.attn.mem.w_gamma
atma-10b-L40S-mbs16-nope__reg-baseline__distr-0__mem-1__win-0,nope,6,6,0.33406004309654236,3.9,4.234060043096543,0.9857136314457353,0.014286368554264657,48.17067581758144,69.49559511829466,3.021564245223999,0.09442388266324997,1024,blocks.6.attn.mem.w_gamma
atma-10b-L40S-mbs16-nope__reg-baseline__distr-0__mem-1__win-0,nope,6,7,-0.6802653074264526,3.9,3.2197346925735473,0.9615702118096127,0.03842978819038735,17.687879028601547,25.51821535840735,2.359217882156372,0.07372555881738663,1024,blocks.6.attn.mem.w_gamma
atma-10b-L40S-mbs4-nope__reg-baseline__distr-0__mem-1__win-0,nope,10,0,1.0971732139587402,3.9,4.997173213958741,0.9932883302120363,0.006711669787963644,102.92796042289933,148.49365807093236,5.235396862030029,0.16360615193843842,1024,blocks.10.attn.mem.w_gamma
atma-10b-L40S-mbs4-nope__reg-baseline__distr-0__mem-1__win-0,nope,10,1,-0.5516735911369324,3.9,3.3483264088630675,0.9660499891821173,0.03395001081788278,20.068131201953065,28.95219336496676,2.6337833404541016,0.08230572193861008,1024,blocks.10.attn.mem.w_gamma
atma-10b-L40S-mbs4-nope__reg-baseline__distr-0__mem-1__win-0,nope,10,2,0.6583259105682373,3.9,4.558325910568238,0.989629094779971,0.01037090522002901,66.48856960756459,95.92272964863407,3.5953307151794434,0.11235407739877701,1024,blocks.10.attn.mem.w_gamma
atma-10b-L40S-mbs4-nope__reg-baseline__distr-0__mem-1__win-0,nope,10,3,-0.19788755476474762,3.9,3.7021124452352523,0.9759226659446122,0.024077334055387756,28.4403877801433,41.03080641137181,2.8562324047088623,0.08925726264715195,1024,blocks.10.attn.mem.w_gamma
atma-10b-L40S-mbs4-nope__reg-baseline__distr-0__mem-1__win-0,nope,10,4,-1.9633883237838745,3.9,1.9366116762161254,0.8739794282269667,0.1260205717730333,5.145918355791078,7.423990892719277,2.5570876598358154,0.07990898936986923,1024,blocks.10.attn.mem.w_gamma
atma-10b-L40S-mbs4-nope__reg-baseline__distr-0__mem-1__win-0,nope,10,5,0.08546701073646545,3.9,3.9854670107364654,0.9817552918619735,0.01824470813802649,37.64404651587146,54.308879227441224,3.478198766708374,0.1086936965584755,1024,blocks.10.attn.mem.w_gamma
atma-10b-L40S-mbs4-nope__reg-baseline__distr-0__mem-1__win-0,nope,10,6,-0.5136057734489441,3.9,3.386394226551056,0.9672766047801379,0.03272339521986209,20.833511464638974,30.056403674338014,2.698814630508423,0.08433796465396881,1024,blocks.10.attn.mem.w_gamma
atma-10b-L40S-mbs4-nope__reg-baseline__distr-0__mem-1__win-0,nope,10,7,-1.0362374782562256,3.9,2.8637625217437743,0.9460257405114108,0.05397425948858924,12.492402066207116,18.022726509708047,3.882131576538086,0.12131661176681519,1024,blocks.10.attn.mem.w_gamma
atma-10b-L40S-mbs4-nope__reg-baseline__distr-0__mem-1__win-0,nope,14,0,-0.5338722467422485,3.9,3.3661277532577514,0.9666290081152534,0.03337099188474658,20.422415267583855,29.46331722951828,2.8701562881469727,0.0896923840045929,1024,blocks.14.attn.mem.w_gamma
atma-10b-L40S-mbs4-nope__reg-baseline__distr-0__mem-1__win-0,nope,14,1,0.5414304733276367,3.9,4.441430473327637,0.9883580545621837,0.011641945437816235,59.19152590947679,85.39532089225276,4.01456880569458,0.12545527517795563,1024,blocks.14.attn.mem.w_gamma
atma-10b-L40S-mbs4-nope__reg-baseline__distr-0__mem-1__win-0,nope,14,2,-0.5407862067222595,3.9,3.3592137932777404,0.9664052609845829,0.033594739015417076,20.284063560083645,29.263717907209205,2.2320287227630615,0.06975089758634567,1024,blocks.14.attn.mem.w_gamma
atma-10b-L40S-mbs4-nope__reg-baseline__distr-0__mem-1__win-0,nope,14,3,0.06084492802619934,3.9,3.9608449280261993,0.9813089937259208,0.018691006274079165,36.73686643881785,53.00009502908271,3.34118390083313,0.10441198945045471,1024,blocks.14.attn.mem.w_gamma
atma-10b-L40S-mbs4-nope__reg-baseline__distr-0__mem-1__win-0,nope,14,4,-0.31256723403930664,3.9,3.5874327659606933,0.9730757029014728,0.026924297098527193,25.396149855086446,36.638899453606186,4.364336967468262,0.13638553023338318,1024,blocks.14.attn.mem.w_gamma
atma-10b-L40S-mbs4-nope__reg-baseline__distr-0__mem-1__win-0,nope,14,5,-0.465390145778656,3.9,3.434609854221344,0.9687688442472493,0.031231155752750758,21.8456868565834,31.516664092806078,2.8882298469543457,0.0902571827173233,1024,blocks.14.attn.mem.w_gamma
atma-10b-L40S-mbs4-nope__reg-baseline__distr-0__mem-1__win-0,nope,14,6,0.4062696099281311,3.9,4.3062696099281315,0.9866956372156866,0.013304362784313364,51.75189207343791,74.66219805096972,4.708706855773926,0.14714708924293518,1024,blocks.14.attn.mem.w_gamma
atma-10b-L40S-mbs4-nope__reg-baseline__distr-0__mem-1__win-0,nope,14,7,-0.5351917147636414,3.9,3.3648082852363586,0.9665864193328649,0.03341358066713503,20.395938174885394,29.425118859185055,2.856457233428955,0.08926428854465485,1024,blocks.14.attn.mem.w_gamma
atma-10b-L40S-mbs4-nope__reg-baseline__distr-0__mem-1__win-0,nope,2,0,-2.023737907409668,3.9,1.876262092590332,0.8671811924436995,0.13281880755630046,4.86394033446778,7.017182599716473,1.6733214855194092,0.05229129642248154,1024,blocks.2.attn.mem.w_gamma
atma-10b-L40S-mbs4-nope__reg-baseline__distr-0__mem-1__win-0,nope,2,1,0.6374212503433228,3.9,4.537421250343323,0.9894123321584807,0.010587667841519313,65.12022054702976,93.94861924479542,3.223489284515381,0.10073404014110565,1024,blocks.2.attn.mem.w_gamma
atma-10b-L40S-mbs4-nope__reg-baseline__distr-0__mem-1__win-0,nope,2,2,10.606849670410156,3.9,14.506849670410157,0.9999994990953991,5.0090460092185e-07,1383790.4576719352,1996387.63091277,3.488506555557251,0.10901582986116409,1024,blocks.2.attn.mem.w_gamma
atma-10b-L40S-mbs4-nope__reg-baseline__distr-0__mem-1__win-0,nope,2,3,-1.2359882593154907,3.9,2.664011740684509,0.9348693625630371,0.0651306374369629,10.291950086583519,14.848145350990782,1.4689124822616577,0.045903515070676804,1024,blocks.2.attn.mem.w_gamma
atma-10b-L40S-mbs4-nope__reg-baseline__distr-0__mem-1__win-0,nope,2,4,0.03623855859041214,3.9,3.936238558590412,0.9808522863834923,0.019147713616507658,35.85230694099,51.723945428195236,1.767582893371582,0.05523696541786194,1024,blocks.2.attn.mem.w_gamma
atma-10b-L40S-mbs4-nope__reg-baseline__distr-0__mem-1__win-0,nope,2,5,-0.8597762584686279,3.9,3.040223741531372,0.9543585760036215,0.04564142399637852,14.837528153953556,21.40602828675917,1.488080620765686,0.04650251939892769,1024,blocks.2.attn.mem.w_gamma
atma-10b-L40S-mbs4-nope__reg-baseline__distr-0__mem-1__win-0,nope,2,6,-1.6906297206878662,3.9,2.2093702793121337,0.9010878148949608,0.09891218510503924,6.655114047911715,9.601300033472706,1.347429633140564,0.042107176035642624,1024,blocks.2.attn.mem.w_gamma
atma-10b-L40S-mbs4-nope__reg-baseline__distr-0__mem-1__win-0,nope,2,7,1.053802728652954,3.9,4.9538027286529545,0.9929929218161724,0.007007078183827651,98.57402017464901,142.21225006645474,3.3024699687957764,0.10320217907428741,1024,blocks.2.attn.mem.w_gamma
atma-10b-L40S-mbs4-nope__reg-baseline__distr-0__mem-1__win-0,nope,6,0,0.2757236957550049,3.9,4.175723695755005,0.9848684140076356,0.015131585992364445,45.460511955663016,65.58565515470848,3.049623727798462,0.09530074149370193,1024,blocks.6.attn.mem.w_gamma
atma-10b-L40S-mbs4-nope__reg-baseline__distr-0__mem-1__win-0,nope,6,1,-0.5706039071083069,3.9,3.329396092891693,0.9654236164418896,0.03457638355811047,19.69823249611186,28.418542336418408,2.956043004989624,0.09237633645534515,1024,blocks.6.attn.mem.w_gamma
atma-10b-L40S-mbs4-nope__reg-baseline__distr-0__mem-1__win-0,nope,6,2,-0.5520709753036499,3.9,3.34792902469635,0.966036953597604,0.03396304640239606,20.060294152136148,28.940886892060696,2.313072443008423,0.07228351384401321,1024,blocks.6.attn.mem.w_gamma
atma-10b-L40S-mbs4-nope__reg-baseline__distr-0__mem-1__win-0,nope,6,3,-1.7632503509521484,3.9,2.1367496490478515,0.8944240742302335,0.10557592576976653,6.21237341133504,8.962560312683514,2.4670333862304688,0.07709479331970215,1024,blocks.6.attn.mem.w_gamma
atma-10b-L40S-mbs4-nope__reg-baseline__distr-0__mem-1__win-0,nope,6,4,0.9861929416656494,3.9,4.88619294166565,0.9925064654765743,0.007493534523425668,92.15235634117658,132.94774749964807,4.239747047424316,0.1324920803308487,1024,blocks.6.attn.mem.w_gamma
atma-10b-L40S-mbs4-nope__reg-baseline__distr-0__mem-1__win-0,nope,6,5,0.3221350312232971,3.9,4.2221350312232975,0.9855447238952311,0.01445527610476888,47.60374003771774,68.67767968018278,3.219161033630371,0.1005987823009491,1024,blocks.6.attn.mem.w_gamma
atma-10b-L40S-mbs4-nope__reg-baseline__distr-0__mem-1__win-0,nope,6,6,-1.3258668184280396,3.9,2.5741331815719604,0.9291781674195669,0.07082183258043309,9.436380216176067,13.613818941819938,2.4005439281463623,0.07501699030399323,1024,blocks.6.attn.mem.w_gamma
atma-10b-L40S-mbs4-nope__reg-baseline__distr-0__mem-1__win-0,nope,6,7,-0.762590765953064,3.9,3.137409234046936,0.9584097339892,0.0415902660107999,16.31706428977683,23.54054773272743,3.0459179878234863,0.09518492966890335,1024,blocks.6.attn.mem.w_gamma
atma-10b-L40S-mbs16-polar__reg-baseline__distr-0__mem-1__win-0,polar,10,0,0.9820329546928406,3.9,4.882032954692841,0.9924754625919382,0.007524537408061763,91.77123514463628,132.39790583942172,3.475360155105591,0.10860501974821091,1024,blocks.10.attn.mem.w_gamma
atma-10b-L40S-mbs16-polar__reg-baseline__distr-0__mem-1__win-0,polar,10,1,1.6040821075439453,3.9,5.504082107543946,0.9959463759458665,0.004053624054133427,170.64763313260417,246.1924940598472,5.0760345458984375,0.15862609446048737,1024,blocks.10.attn.mem.w_gamma
atma-10b-L40S-mbs16-polar__reg-baseline__distr-0__mem-1__win-0,polar,10,2,-1.240723729133606,3.9,2.659276270866394,0.9345804317995773,0.06541956820042266,10.244929163770392,14.78030849883026,2.6027472019195557,0.08133585005998611,1024,blocks.10.attn.mem.w_gamma
atma-10b-L40S-mbs16-polar__reg-baseline__distr-0__mem-1__win-0,polar,10,3,-0.8046064376831055,3.9,3.0953935623168944,0.9567023336086694,0.04329766639133054,15.65975057223388,22.592244492119928,3.1748926639556885,0.09921539574861526,1024,blocks.10.attn.mem.w_gamma
atma-10b-L40S-mbs16-polar__reg-baseline__distr-0__mem-1__win-0,polar,10,4,-0.007220609113574028,3.9,3.892779390886426,0.9800187895669151,0.019981210433084835,34.34221005532097,49.54533613997866,3.5653085708618164,0.11141589283943176,1024,blocks.10.attn.mem.w_gamma
atma-10b-L40S-mbs16-polar__reg-baseline__distr-0__mem-1__win-0,polar,10,5,1.2801458835601807,3.9,5.180145883560181,0.9944043025863403,0.005595697413659774,123.52455731600958,178.20826626781155,4.552974224090576,0.1422804445028305,1024,blocks.10.attn.mem.w_gamma
atma-10b-L40S-mbs16-polar__reg-baseline__distr-0__mem-1__win-0,polar,10,6,1.145615816116333,3.9,5.045615816116333,0.9936036814377837,0.006396318562216396,108.0196378495995,155.83939584423896,3.6542484760284424,0.11419526487588882,1024,blocks.10.attn.mem.w_gamma
atma-10b-L40S-mbs16-polar__reg-baseline__distr-0__mem-1__win-0,polar,10,7,-0.8756077289581299,3.9,3.02439227104187,0.9536640026359663,0.046335997364033744,14.609837031180243,21.07753943307967,3.001408815383911,0.09379403293132782,1024,blocks.10.attn.mem.w_gamma
atma-10b-L40S-mbs16-polar__reg-baseline__distr-0__mem-1__win-0,polar,14,0,-0.6007947325706482,3.9,3.2992052674293517,0.9644015366620167,0.03559846333798331,19.122599606500014,27.588079621202816,2.672287702560425,0.08350899815559387,1024,blocks.14.attn.mem.w_gamma
atma-10b-L40S-mbs16-polar__reg-baseline__distr-0__mem-1__win-0,polar,14,1,1.1717329025268555,3.9,5.071732902526856,0.9937675443654097,0.006232455634590285,110.86880771218415,159.94987907564013,3.429286479949951,0.10716520249843597,1024,blocks.14.attn.mem.w_gamma
atma-10b-L40S-mbs16-polar__reg-baseline__distr-0__mem-1__win-0,polar,14,2,1.1028741598129272,3.9,5.002874159812928,0.9933262295867173,0.006673770413282709,103.51444594276134,149.33977782199048,3.586459159851074,0.11207684874534607,1024,blocks.14.attn.mem.w_gamma
atma-10b-L40S-mbs16-polar__reg-baseline__distr-0__mem-1__win-0,polar,14,3,0.09063462167978287,3.9,3.990634621679783,0.9818476232094127,0.018152376790587305,37.83729514612931,54.587678067972796,2.981510639190674,0.09317220747470856,1024,blocks.14.attn.mem.w_gamma
atma-10b-L40S-mbs16-polar__reg-baseline__distr-0__mem-1__win-0,polar,14,4,-0.7634150385856628,3.9,3.136584961414337,0.9583768656393219,0.04162313436067806,16.303901672806383,23.521558090499045,2.2363553047180176,0.06988610327243805,1024,blocks.14.attn.mem.w_gamma
atma-10b-L40S-mbs16-polar__reg-baseline__distr-0__mem-1__win-0,polar,14,5,1.3976235389709473,3.9,5.297623538970948,0.9950214397369647,0.0049785602630353564,138.8795698456272,200.36086669707882,3.7159438133239746,0.1161232516169548,1024,blocks.14.attn.mem.w_gamma
atma-10b-L40S-mbs16-polar__reg-baseline__distr-0__mem-1__win-0,polar,14,6,-0.8337101936340332,3.9,3.0662898063659667,0.95548061682888,0.04451938317111998,15.220355356889845,21.95833119395275,2.8383328914642334,0.0886978954076767,1024,blocks.14.attn.mem.w_gamma
atma-10b-L40S-mbs16-polar__reg-baseline__distr-0__mem-1__win-0,polar,14,7,-1.7148010730743408,3.9,2.185198926925659,0.8989124732827437,0.1010875267172563,6.504173045928082,9.383538198444109,2.7535293102264404,0.08604779094457626,1024,blocks.14.attn.mem.w_gamma
atma-10b-L40S-mbs16-polar__reg-baseline__distr-0__mem-1__win-0,polar,2,0,0.653529167175293,3.9,4.553529167175293,0.9895797483241424,0.010420251675857575,66.17205737036595,95.46609901364694,2.7288472652435303,0.08527646958827972,1024,blocks.2.attn.mem.w_gamma
atma-10b-L40S-mbs16-polar__reg-baseline__distr-0__mem-1__win-0,polar,2,1,-1.626695156097412,3.9,2.273304843902588,0.9066418937595921,0.09335810624040786,7.072372433081433,10.203276636526395,1.3698557615280151,0.042807988822460175,1024,blocks.2.attn.mem.w_gamma
atma-10b-L40S-mbs16-polar__reg-baseline__distr-0__mem-1__win-0,polar,2,2,0.5468183159828186,3.9,4.446818315982819,0.9884198864503076,0.011580113549692388,59.50943615791526,85.85396843112272,2.6540284156799316,0.08293838798999786,1024,blocks.2.attn.mem.w_gamma
atma-10b-L40S-mbs16-polar__reg-baseline__distr-0__mem-1__win-0,polar,2,3,-0.6635844707489014,3.9,3.2364155292510985,0.9621818940039912,0.03781810599600878,17.979647398853256,25.939148139257743,1.2542753219604492,0.03919610008597374,1024,blocks.2.attn.mem.w_gamma
atma-10b-L40S-mbs16-polar__reg-baseline__distr-0__mem-1__win-0,polar,2,4,-1.5654550790786743,3.9,2.3345449209213256,0.911697910112129,0.08830208988787105,7.4978129031739265,10.817057492922306,1.3885403871536255,0.0433918833732605,1024,blocks.2.attn.mem.w_gamma
atma-10b-L40S-mbs16-polar__reg-baseline__distr-0__mem-1__win-0,polar,2,5,-0.7810966372489929,3.9,3.118903362751007,0.9576657905715268,0.04233420942847317,16.02414449858482,23.117953802596485,1.4285094738006592,0.0446409210562706,1024,blocks.2.attn.mem.w_gamma
atma-10b-L40S-mbs16-polar__reg-baseline__distr-0__mem-1__win-0,polar,2,6,11.402670860290527,3.9,15.302670860290528,0.9999997739864958,2.2601350421307892e-07,3066839.3229112183,4424513.882367281,2.755819797515869,0.08611936867237091,1024,blocks.2.attn.mem.w_gamma
atma-10b-L40S-mbs16-polar__reg-baseline__distr-0__mem-1__win-0,polar,2,7,0.28872150182724,3.9,4.18872150182724,0.9850608995891531,0.014939100410846869,46.050744393573666,66.43718056585396,1.5277934074401855,0.0477435402572155,1024,blocks.2.attn.mem.w_gamma
atma-10b-L40S-mbs16-polar__reg-baseline__distr-0__mem-1__win-0,polar,6,0,1.4002796411514282,3.9,5.300279641151429,0.9950345801822763,0.004965419817723699,139.24801826829727,200.89242540928828,4.478828430175781,0.13996338844299316,1024,blocks.6.attn.mem.w_gamma
atma-10b-L40S-mbs16-polar__reg-baseline__distr-0__mem-1__win-0,polar,6,1,-1.0456537008285522,3.9,2.8543462991714477,0.9455429141611769,0.05445708583882319,12.378511493512256,17.85841714527717,2.61376690864563,0.08168021589517593,1024,blocks.6.attn.mem.w_gamma
atma-10b-L40S-mbs16-polar__reg-baseline__distr-0__mem-1__win-0,polar,6,2,-0.9611057043075562,3.9,2.9388942956924438,0.9497359694267402,0.050264030573259816,13.440570996817124,19.390645123824097,2.8976428508758545,0.09055132418870926,1024,blocks.6.attn.mem.w_gamma
atma-10b-L40S-mbs16-polar__reg-baseline__distr-0__mem-1__win-0,polar,6,3,-1.9621230363845825,3.9,1.9378769636154174,0.8741187202754455,0.1258812797245545,5.152013794331495,7.43278475167358,1.9968725442886353,0.06240227445960045,1024,blocks.6.attn.mem.w_gamma
atma-10b-L40S-mbs16-polar__reg-baseline__distr-0__mem-1__win-0,polar,6,4,-0.4457784593105316,3.9,3.4542215406894683,0.9693567869295622,0.030643213070437773,22.27155370288433,32.131060080043454,2.7361626625061035,0.08550508320331573,1024,blocks.6.attn.mem.w_gamma
atma-10b-L40S-mbs16-polar__reg-baseline__distr-0__mem-1__win-0,polar,6,5,-1.4246549606323242,3.9,2.4753450393676757,0.9223952397416785,0.07760476025832148,8.580521918439203,12.379076419971291,1.971386194229126,0.06160581856966019,1024,blocks.6.attn.mem.w_gamma
atma-10b-L40S-mbs16-polar__reg-baseline__distr-0__mem-1__win-0,polar,6,6,1.9244334697723389,3.9,5.824433469772339,0.9970542257445638,0.002945774255436174,234.9554619625586,338.96907980315876,4.476974964141846,0.13990549743175507,1024,blocks.6.attn.mem.w_gamma
atma-10b-L40S-mbs16-polar__reg-baseline__distr-0__mem-1__win-0,polar,6,7,0.2769711911678314,3.9,4.176971191167832,0.984886993718354,0.01511300628164597,45.516828694637674,65.66690303474624,2.656351327896118,0.0830109715461731,1024,blocks.6.attn.mem.w_gamma
atma-10b-L40S-mbs16-rope__reg-baseline__distr-0__mem-1__win-0,rope,10,0,-0.42055562138557434,3.9,3.4794443786144256,0.9700972065979774,0.029902793402022565,22.831687195322235,32.93916189181944,1.557265281677246,0.04866454377770424,1024,blocks.10.attn.mem.w_gamma
atma-10b-L40S-mbs16-rope__reg-baseline__distr-0__mem-1__win-0,rope,10,1,-0.8860015869140625,3.9,3.0139984130859374,0.9532025369266807,0.046797463073319334,14.462298191636021,20.86468588093071,1.0911897420883179,0.034099679440259933,1024,blocks.10.attn.mem.w_gamma
atma-10b-L40S-mbs16-rope__reg-baseline__distr-0__mem-1__win-0,rope,10,2,-0.5402510762214661,3.9,3.359748923778534,0.966422630266767,0.033577369733233026,20.29473766890814,29.279117391076216,1.245659589767456,0.038926862180233,1024,blocks.10.attn.mem.w_gamma
atma-10b-L40S-mbs16-rope__reg-baseline__distr-0__mem-1__win-0,rope,10,3,-0.11326971650123596,3.9,3.786730283498764,0.9778329150566544,0.02216708494334568,30.92133917568979,44.61006268641329,1.336812973022461,0.0417754091322422,1024,blocks.10.attn.mem.w_gamma
atma-10b-L40S-mbs16-rope__reg-baseline__distr-0__mem-1__win-0,rope,10,4,-0.9835941195487976,3.9,2.9164058804512023,0.9486515049978754,0.05134849500212462,13.14926184643129,18.970374857196877,1.3690801858901978,0.04278375208377838,1024,blocks.10.attn.mem.w_gamma
atma-10b-L40S-mbs16-rope__reg-baseline__distr-0__mem-1__win-0,rope,10,5,-0.2737016975879669,3.9,3.626298302412033,0.9740754483309669,0.025924551669033083,26.389003432695027,38.071284386350946,1.4527125358581543,0.04539726674556732,1024,blocks.10.attn.mem.w_gamma
atma-10b-L40S-mbs16-rope__reg-baseline__distr-0__mem-1__win-0,rope,10,6,-0.6781930923461914,3.9,3.2218069076538085,0.9616467130495229,0.038353286950477114,17.72386049171002,25.57012563679787,1.0514256954193115,0.032857052981853485,1024,blocks.10.attn.mem.w_gamma
atma-10b-L40S-mbs16-rope__reg-baseline__distr-0__mem-1__win-0,rope,10,7,0.47177478671073914,3.9,4.3717747867107395,0.9875286905356426,0.012471309464357361,55.232044044286184,79.68299604085249,2.1140387058258057,0.06606371700763702,1024,blocks.10.attn.mem.w_gamma
atma-10b-L40S-mbs16-rope__reg-baseline__distr-0__mem-1__win-0,rope,14,0,-0.15709401667118073,3.9,3.742905983328819,0.9768628335159697,0.023137166484030296,29.610244856021993,42.71855341329087,0.6102926731109619,0.01907164230942726,1024,blocks.14.attn.mem.w_gamma
atma-10b-L40S-mbs16-rope__reg-baseline__distr-0__mem-1__win-0,rope,14,1,-0.11939305812120438,3.9,3.7806069418787955,0.977699798233194,0.022300201766806048,30.734675709923238,44.34076423003674,1.0846627950668335,0.03389571234583855,1024,blocks.14.attn.mem.w_gamma
atma-10b-L40S-mbs16-rope__reg-baseline__distr-0__mem-1__win-0,rope,14,2,-0.027239449322223663,3.9,3.8727605506777762,0.9796229912312518,0.020377008768748126,33.66837711576458,48.573200699693025,1.0582774877548218,0.03307117149233818,1024,blocks.14.attn.mem.w_gamma
atma-10b-L40S-mbs16-rope__reg-baseline__distr-0__mem-1__win-0,rope,14,3,-0.5003517866134644,3.9,3.3996482133865356,0.9676935392927055,0.03230646070729452,21.106903028944956,30.45082432838313,0.7689783573150635,0.024030573666095734,1024,blocks.14.attn.mem.w_gamma
atma-10b-L40S-mbs16-rope__reg-baseline__distr-0__mem-1__win-0,rope,14,4,0.1599690169095993,3.9,4.0599690169096,0.9830429480245823,0.016957051975417754,40.52907095918986,58.47108968466011,0.7305789589881897,0.02283059060573578,1024,blocks.14.attn.mem.w_gamma
atma-10b-L40S-mbs16-rope__reg-baseline__distr-0__mem-1__win-0,rope,14,5,-0.17281025648117065,3.9,3.7271897435188293,0.9765049427673317,0.023495057232668263,29.15388293786406,42.060162337113844,0.5103795528411865,0.01594936102628708,1024,blocks.14.attn.mem.w_gamma
atma-10b-L40S-mbs16-rope__reg-baseline__distr-0__mem-1__win-0,rope,14,6,0.13882219791412354,3.9,4.038822197914124,0.9826868163560336,0.01731318364396642,39.68821892636201,57.25799662677798,0.5786224007606506,0.01808195188641548,1024,blocks.14.attn.mem.w_gamma
atma-10b-L40S-mbs16-rope__reg-baseline__distr-0__mem-1__win-0,rope,14,7,-0.41092386841773987,3.9,3.48907613158226,0.9703753488849226,0.029624651115077415,23.049338121003927,33.253165802945304,0.5063676238059998,0.01582399010658264,1024,blocks.14.attn.mem.w_gamma
atma-10b-L40S-mbs16-rope__reg-baseline__distr-0__mem-1__win-0,rope,2,0,0.13872936367988586,3.9,4.038729363679886,0.9826852368558325,0.017314763144167456,39.68456665787676,57.252727517146305,1.9945549964904785,0.062329843640327454,1024,blocks.2.attn.mem.w_gamma
atma-10b-L40S-mbs16-rope__reg-baseline__distr-0__mem-1__win-0,rope,2,1,2.991323947906494,3.9,6.8913239479064945,0.9989844652913189,0.0010155347086810698,682.1974251855581,984.2028422224244,2.1923601627349854,0.06851126253604889,1024,blocks.2.attn.mem.w_gamma
atma-10b-L40S-mbs16-rope__reg-baseline__distr-0__mem-1__win-0,rope,2,2,-1.4005622863769531,3.9,2.499437713623047,0.9241023922119129,0.07589760778808713,8.781529332046901,12.669068818765037,1.2976328134536743,0.04055102542042732,1024,blocks.2.attn.mem.w_gamma
atma-10b-L40S-mbs16-rope__reg-baseline__distr-0__mem-1__win-0,rope,2,3,-0.8613391518592834,3.9,3.0386608481407165,0.95429045068593,0.04570954931407006,14.81488968884443,21.373367885412897,1.0835686922073364,0.03386152163147926,1024,blocks.2.attn.mem.w_gamma
atma-10b-L40S-mbs16-rope__reg-baseline__distr-0__mem-1__win-0,rope,2,4,-0.49264001846313477,3.9,3.407359981536865,0.967933762782727,0.032066237217273,21.267649810159554,30.682732912480294,1.0415444374084473,0.03254826366901398,1024,blocks.2.attn.mem.w_gamma
atma-10b-L40S-mbs16-rope__reg-baseline__distr-0__mem-1__win-0,rope,2,5,0.03782378137111664,3.9,3.9378237813711165,0.9808820358942293,0.01911796410577067,35.908639597221566,51.80521627198062,1.3024624586105347,0.04070195183157921,1024,blocks.2.attn.mem.w_gamma
atma-10b-L40S-mbs16-rope__reg-baseline__distr-0__mem-1__win-0,rope,2,6,-0.6386439204216003,3.9,3.2613560795783996,0.9630790402051203,0.03692095979487971,18.425066066207503,26.581751441769082,0.7579365372657776,0.02368551678955555,1024,blocks.2.attn.mem.w_gamma
atma-10b-L40S-mbs16-rope__reg-baseline__distr-0__mem-1__win-0,rope,2,7,-1.292183518409729,3.9,2.607816481590271,0.9313629440588075,0.0686370559411925,9.748050731418244,14.063464448551134,0.9543130397796631,0.02982228249311447,1024,blocks.2.attn.mem.w_gamma
atma-10b-L40S-mbs16-rope__reg-baseline__distr-0__mem-1__win-0,rope,6,0,0.26503488421440125,3.9,4.165034884214402,0.984708294376998,0.01529170562300201,44.98084680697301,64.89364462340613,2.4780356884002686,0.07743861526250839,1024,blocks.6.attn.mem.w_gamma
atma-10b-L40S-mbs16-rope__reg-baseline__distr-0__mem-1__win-0,rope,6,1,-1.204119086265564,3.9,2.695880913734436,0.9367831481000783,0.06321685189992163,10.61424963870131,15.31312531651185,1.6002339124679565,0.05000730976462364,1024,blocks.6.attn.mem.w_gamma
atma-10b-L40S-mbs16-rope__reg-baseline__distr-0__mem-1__win-0,rope,6,2,-1.0745258331298828,3.9,2.825474166870117,0.9440369770004343,0.0559630229995657,12.035906684755059,17.36414288669845,1.6124550104141235,0.05038921907544136,1024,blocks.6.attn.mem.w_gamma
atma-10b-L40S-mbs16-rope__reg-baseline__distr-0__mem-1__win-0,rope,6,3,0.1593630313873291,3.9,4.0593630313873295,0.9830328435852062,0.01696715641479381,40.50472713175025,58.43596896553674,2.5181801319122314,0.07869312912225723,1024,blocks.6.attn.mem.w_gamma
atma-10b-L40S-mbs16-rope__reg-baseline__distr-0__mem-1__win-0,rope,6,4,-0.10399582237005234,3.9,3.7960041776299476,0.9780330449683104,0.02196695503168952,31.20622906609084,45.021071918494286,2.3953373432159424,0.0748542919754982,1024,blocks.6.attn.mem.w_gamma
atma-10b-L40S-mbs16-rope__reg-baseline__distr-0__mem-1__win-0,rope,6,5,-0.8797516822814941,3.9,3.0202483177185058,0.9534805409571104,0.046519459042889594,14.55083058682088,20.992411128421928,1.8835439682006836,0.05886074900627136,1024,blocks.6.attn.mem.w_gamma
atma-10b-L40S-mbs16-rope__reg-baseline__distr-0__mem-1__win-0,rope,6,6,0.30301666259765625,3.9,4.203016662597657,0.9852698139097134,0.014730186090286694,46.70880982242562,67.38656829663915,3.031170129776001,0.09472406655550003,1024,blocks.6.attn.mem.w_gamma
atma-10b-L40S-mbs16-rope__reg-baseline__distr-0__mem-1__win-0,rope,6,7,-0.37018078565597534,3.9,3.5298192143440246,0.9715244113499523,0.02847558865004778,23.993561143548977,34.61539167506424,1.8874655961990356,0.058983296155929565,1024,blocks.6.attn.mem.w_gamma
atma-10b-L40S-mbs16-atma-raven-titans__reg-baseline__distr-0__mem-1__win-0,atma_raven_titans,10,0,0.016234176233410835,3.9,3.9162341762334107,0.9804729462236002,0.019527053776399874,35.149049337220696,50.70935917076981,1.3038127422332764,0.04074414446949959,1024,blocks.10.attn.mem.w_gamma
atma-10b-L40S-mbs16-atma-raven-titans__reg-baseline__distr-0__mem-1__win-0,atma_raven_titans,10,1,0.054284434765577316,3.9,3.9542844347655772,0.9811882827108247,0.018811717289175335,36.49889534631481,52.65677531405365,1.6313005685806274,0.05097814276814461,1024,blocks.10.attn.mem.w_gamma
atma-10b-L40S-mbs16-atma-raven-titans__reg-baseline__distr-0__mem-1__win-0,atma_raven_titans,10,2,-0.03360014408826828,3.9,3.8663998559117316,0.9794956322926909,0.020504367707309127,33.45708489177905,48.2683704559707,1.3940016031265259,0.04356255382299423,1024,blocks.10.attn.mem.w_gamma
atma-10b-L40S-mbs16-atma-raven-titans__reg-baseline__distr-0__mem-1__win-0,atma_raven_titans,10,3,-0.12815122306346893,3.9,3.771848776936531,0.9775080437830369,0.02249195621696315,30.469671081949215,43.95844336744599,1.2468986511230469,0.038965579122304916,1024,blocks.10.attn.mem.w_gamma
atma-10b-L40S-mbs16-atma-raven-titans__reg-baseline__distr-0__mem-1__win-0,atma_raven_titans,10,4,0.11847084015607834,3.9,4.018470840156079,0.9823371469565801,0.017662853043419864,38.89561437587248,56.114509972400704,2.0282175540924072,0.06338179111480713,1024,blocks.10.attn.mem.w_gamma
atma-10b-L40S-mbs16-atma-raven-titans__reg-baseline__distr-0__mem-1__win-0,atma_raven_titans,10,5,-0.11465608328580856,3.9,3.7853439167141913,0.9778028446634439,0.02219715533655604,30.878977135071704,44.54894718049164,1.126354455947876,0.035198576748371124,1024,blocks.10.attn.mem.w_gamma
atma-10b-L40S-mbs16-atma-raven-titans__reg-baseline__distr-0__mem-1__win-0,atma_raven_titans,10,6,-0.10344523936510086,3.9,3.796554760634899,0.9780448708053597,0.021955129194640287,31.223225951213962,45.04559324037197,1.2826999425888062,0.04008437320590019,1024,blocks.10.attn.mem.w_gamma
atma-10b-L40S-mbs16-atma-raven-titans__reg-baseline__distr-0__mem-1__win-0,atma_raven_titans,10,7,0.01798076555132866,3.9,3.9179807655513286,0.9805063579352165,0.019493642064783497,35.20989204382414,50.79713664186085,1.1813507080078125,0.03691720962524414,1024,blocks.10.attn.mem.w_gamma
atma-10b-L40S-mbs16-atma-raven-titans__reg-baseline__distr-0__mem-1__win-0,atma_raven_titans,14,0,-0.021587004885077477,3.9,3.8784129951149224,0.9797355187526025,0.020264481247397593,33.857273456352274,48.84572051350096,1.2183574438095093,0.038073670119047165,1024,blocks.14.attn.mem.w_gamma
atma-10b-L40S-mbs16-atma-raven-titans__reg-baseline__distr-0__mem-1__win-0,atma_raven_titans,14,1,-0.06336906552314758,3.9,3.8366309344768523,0.9788891428181716,0.021110857181828348,32.48587638393538,46.867212758035464,1.139017939567566,0.035594310611486435,1024,blocks.14.attn.mem.w_gamma
atma-10b-L40S-mbs16-atma-raven-titans__reg-baseline__distr-0__mem-1__win-0,atma_raven_titans,14,2,9.699000656837597e-05,3.9,3.9000969900065683,0.9801615803105439,0.0198384196894561,34.59190588326743,49.90557107268768,1.3893684148788452,0.043417759239673615,1024,blocks.14.attn.mem.w_gamma
atma-10b-L40S-mbs16-atma-raven-titans__reg-baseline__distr-0__mem-1__win-0,atma_raven_titans,14,3,0.04276544973254204,3.9,3.942765449732542,0.980974484490603,0.019025515509396972,36.08482143143909,52.05939293050096,1.545973300933838,0.04831166937947273,1024,blocks.14.attn.mem.w_gamma
atma-10b-L40S-mbs16-atma-raven-titans__reg-baseline__distr-0__mem-1__win-0,atma_raven_titans,14,4,0.009740464389324188,3.9,3.909740464389324,0.98034823057222,0.01965176942778003,34.923769562490556,50.384349156954045,1.10862398147583,0.03464449942111969,1024,blocks.14.attn.mem.w_gamma
atma-10b-L40S-mbs16-atma-raven-titans__reg-baseline__distr-0__mem-1__win-0,atma_raven_titans,14,5,0.03744852915406227,3.9,3.937448529154062,0.9808749977192338,0.01912500228076615,35.89529652383912,51.785966286181555,1.6362406015396118,0.05113251879811287,1024,blocks.14.attn.mem.w_gamma
atma-10b-L40S-mbs16-atma-raven-titans__reg-baseline__distr-0__mem-1__win-0,atma_raven_titans,14,6,-0.04765553027391434,3.9,3.8523444697260856,0.9792114341054287,0.020788565894571304,32.994925690548094,47.601615668253594,1.40116548538208,0.04378642141819,1024,blocks.14.attn.mem.w_gamma
atma-10b-L40S-mbs16-atma-raven-titans__reg-baseline__distr-0__mem-1__win-0,atma_raven_titans,14,7,0.05108463764190674,3.9,3.9510846376419066,0.9811291303517151,0.018870869648284872,36.38339314358338,52.49014085896126,1.5106048583984375,0.04720640182495117,1024,blocks.14.attn.mem.w_gamma
atma-10b-L40S-mbs16-atma-raven-titans__reg-baseline__distr-0__mem-1__win-0,atma_raven_titans,2,0,0.07143205404281616,3.9,3.971432054042816,0.9815021928277184,0.0184978071722816,37.124204685537855,53.55890599677228,0.9419536590576172,0.029436051845550537,1024,blocks.2.attn.mem.w_gamma
atma-10b-L40S-mbs16-atma-raven-titans__reg-baseline__distr-0__mem-1__win-0,atma_raven_titans,2,1,0.0453757718205452,3.9,3.945375771820545,0.9810231412389653,0.01897685876103475,36.178237396425516,52.19416367992673,0.8862229585647583,0.027694467455148697,1024,blocks.2.attn.mem.w_gamma
atma-10b-L40S-mbs16-atma-raven-titans__reg-baseline__distr-0__mem-1__win-0,atma_raven_titans,2,2,-0.028378359973430634,3.9,3.8716216400265693,0.979600244117137,0.020399755882862972,33.63044546692504,48.51847689801948,0.7820539474487305,0.024439185857772827,1024,blocks.2.attn.mem.w_gamma
atma-10b-L40S-mbs16-atma-raven-titans__reg-baseline__distr-0__mem-1__win-0,atma_raven_titans,2,3,0.1820061355829239,3.9,4.082006135582924,0.983406412262285,0.016593587737714993,41.42444986042979,59.762848385195575,1.9366121292114258,0.06051912531256676,1024,blocks.2.attn.mem.w_gamma
atma-10b-L40S-mbs16-atma-raven-titans__reg-baseline__distr-0__mem-1__win-0,atma_raven_titans,2,4,-0.035902805626392365,3.9,3.8640971943736075,0.9794493346822318,0.020550665317768193,33.38092482104308,48.158494699606166,0.8312685489654541,0.02597714029252529,1024,blocks.2.attn.mem.w_gamma
atma-10b-L40S-mbs16-atma-raven-titans__reg-baseline__distr-0__mem-1__win-0,atma_raven_titans,2,5,-0.005733059253543615,3.9,3.8942669407464563,0.980047897921003,0.019952102078996985,34.39282134221216,49.61835279258958,0.6296407580375671,0.019676273688673973,1024,blocks.2.attn.mem.w_gamma
atma-10b-L40S-mbs16-atma-raven-titans__reg-baseline__distr-0__mem-1__win-0,atma_raven_titans,2,6,0.024769853800535202,3.9,3.924769853800535,0.9806356996883561,0.019364300311643885,35.447402831098735,51.139792276819556,0.8370156288146973,0.02615673840045929,1024,blocks.2.attn.mem.w_gamma
atma-10b-L40S-mbs16-atma-raven-titans__reg-baseline__distr-0__mem-1__win-0,atma_raven_titans,2,7,0.17258651554584503,3.9,4.072586515545845,0.9832519986549706,0.016748001345029462,41.0393104378992,59.20720965025986,2.067690372467041,0.06461533159017563,1024,blocks.2.attn.mem.w_gamma
atma-10b-L40S-mbs16-atma-raven-titans__reg-baseline__distr-0__mem-1__win-0,atma_raven_titans,6,0,0.03720202296972275,3.9,3.9372020229697227,0.9808703729032101,0.019129627096789857,35.88653407650385,51.77332474686491,1.6569253206253052,0.05177891626954079,1024,blocks.6.attn.mem.w_gamma
atma-10b-L40S-mbs16-atma-raven-titans__reg-baseline__distr-0__mem-1__win-0,atma_raven_titans,6,1,0.012895013205707073,3.9,3.912895013205707,0.9804089127755917,0.01959108722440825,35.03302443547414,50.54197062040042,1.0884391069412231,0.03401372209191322,1024,blocks.6.attn.mem.w_gamma
atma-10b-L40S-mbs16-atma-raven-titans__reg-baseline__distr-0__mem-1__win-0,atma_raven_titans,6,2,-0.003939636517316103,3.9,3.896060363482684,0.9800829363623517,0.019917063637648287,34.4539395970039,49.706527795685425,1.1702436208724976,0.03657011315226555,1024,blocks.6.attn.mem.w_gamma
atma-10b-L40S-mbs16-atma-raven-titans__reg-baseline__distr-0__mem-1__win-0,atma_raven_titans,6,3,-0.08599945902824402,3.9,3.814000540971756,0.9784163780739873,0.021583621926012708,31.7666639285002,45.82960851523356,1.0381718873977661,0.03244287148118019,1024,blocks.6.attn.mem.w_gamma
atma-10b-L40S-mbs16-atma-raven-titans__reg-baseline__distr-0__mem-1__win-0,atma_raven_titans,6,4,-0.013691091910004616,3.9,3.8863089080899953,0.9798916905005284,0.020108309499471674,34.122936981425646,49.2289919636694,0.9427478313446045,0.02946086786687374,1024,blocks.6.attn.mem.w_gamma
atma-10b-L40S-mbs16-atma-raven-titans__reg-baseline__distr-0__mem-1__win-0,atma_raven_titans,6,5,0.08352525532245636,3.9,3.9835252553224563,0.981720478897198,0.01827952110280194,37.571690102400666,54.2044909885504,1.4376139640808105,0.04492544010281563,1024,blocks.6.attn.mem.w_gamma
atma-10b-L40S-mbs16-atma-raven-titans__reg-baseline__distr-0__mem-1__win-0,atma_raven_titans,6,6,-0.10425279289484024,3.9,3.7957472071051597,0.9780275234304954,0.02197247656950459,31.198299407289863,45.009631839066174,1.219843864440918,0.038120120763778687,1024,blocks.6.attn.mem.w_gamma
atma-10b-L40S-mbs16-atma-raven-titans__reg-baseline__distr-0__mem-1__win-0,atma_raven_titans,6,7,-0.12690983712673187,3.9,3.773090162873268,0.977535320806256,0.02246467919374399,30.50709193556473,44.01243024738293,0.7777718901634216,0.024305371567606926,1024,blocks.6.attn.mem.w_gamma
