timestamp,profile,device,dtype,kernel,heads,tokens,head_dim,window,iters,status,wall_s,runs_s,tokens_s,replay_s,first_call_s,capture_s,checksum,returncode,error
2026-06-24T14:30:48+0700,rx6700xt,cl,fp16,polar,4,16,16,16,50,ok,5.245622299989918,2603.48,41655.6,0.0192,2.3357,0.0323,-38.11249,0,
2026-06-24T14:30:53+0700,rx6700xt,cl,fp16,polar,4,32,16,32,32,ok,9.277843900010339,2554.38,81740.17,0.0125,5.0847,0.0552,80.581924,0,
2026-06-24T14:31:02+0700,rx6700xt,cl,fp16,polar,4,48,16,48,21,ok,12.67664999999397,2444.96,117358.05,0.0086,8.579,0.0765,109.032791,0,
2026-06-24T14:31:15+0700,rx6700xt,cl,fp16,polar,4,64,16,64,16,ok,16.969575499999337,2462.45,157596.65,0.0065,12.6356,0.0933,-17.029442,0,
2026-06-24T14:31:32+0700,rx6700xt,cl,fp16,polar,4,96,16,96,10,ok,83.72567289999279,1816.13,174348.92,0.0055,78.9964,0.1316,-16.250107,0,
2026-06-24T14:32:56+0700,rx6700xt,cl,fp16,polar,4,128,16,128,8,ok,113.7555466999911,1275.65,163283.53,0.0063,108.8641,0.1736,153.928185,0,
2026-06-24T14:34:50+0700,rx6700xt,cl,fp16,polar,4,16,32,16,50,ok,17.505636799993226,1801.32,28821.14,0.0278,13.5584,0.0491,-3.205715,0,
2026-06-24T14:35:07+0700,rx6700xt,cl,fp16,polar,4,32,32,32,32,ok,40.58786279999185,1755.17,56165.29,0.0182,36.4601,0.0868,84.578636,0,
2026-06-24T14:35:48+0700,rx6700xt,cl,fp16,polar,4,48,32,48,21,ok,57.56573440000648,1903.81,91382.98,0.011,53.2193,0.1236,104.91548,0,
2026-06-24T14:36:45+0700,rx6700xt,cl,fp16,polar,4,64,32,64,16,ok,83.80049939999299,1904.99,121919.28,0.0084,79.2241,0.1568,140.455368,0,
2026-06-24T14:38:09+0700,rx6700xt,cl,fp16,polar,4,96,32,96,10,ok,188.37283949999255,893.54,85779.39,0.0112,183.0171,0.2613,152.246693,0,
2026-06-24T14:41:17+0700,rx6700xt,cl,fp16,polar,4,128,32,128,8,ok,214.16008470000816,706.11,90382.71,0.0113,208.2998,0.3101,418.842171,0,
2026-06-24T14:44:52+0700,rx6700xt,cl,fp16,polar,8,16,16,16,50,ok,9.458247799993842,2646.33,42341.26,0.0189,5.4986,0.0312,68.879959,0,
2026-06-24T14:45:01+0700,rx6700xt,cl,fp16,polar,8,32,16,32,32,ok,14.82518080000591,2610.14,83524.34,0.0123,10.8055,0.0517,200.447243,0,
2026-06-24T14:47:40+0700,rx6700xt,cl,fp16,polar,8,48,16,48,21,ok,24.103854700006195,2478.99,118991.41,0.0085,20.9559,0.074,114.521912,0,
2026-06-24T14:48:04+0700,rx6700xt,cl,fp16,polar,8,64,16,64,16,ok,35.44811050000135,2396.86,153399.05,0.0067,31.2823,0.0923,265.000977,0,
2026-06-24T14:48:39+0700,rx6700xt,cl,fp16,polar,8,96,16,96,10,ok,82.22557540000707,1785.4,171397.96,0.0056,77.8098,0.1343,192.553131,0,
2026-06-24T14:50:01+0700,rx6700xt,cl,fp16,polar,8,128,16,128,8,ok,114.6389419999905,1106.64,141649.72,0.0072,109.7972,0.1796,247.650208,0,
2026-06-24T14:51:56+0700,rx6700xt,cl,fp16,polar,8,16,32,16,50,ok,17.732897499998217,1771.56,28344.97,0.0282,13.5699,0.0494,74.128479,0,
2026-06-24T14:52:14+0700,rx6700xt,cl,fp16,polar,8,32,32,32,32,ok,42.40530770001351,1881.06,60193.87,0.017,38.0851,0.0919,117.591869,0,
2026-06-24T14:52:56+0700,rx6700xt,cl,fp16,polar,8,48,32,48,21,ok,59.22843160000048,1907.03,91537.34,0.011,54.6171,0.1228,72.905197,0,
2026-06-24T14:53:55+0700,rx6700xt,cl,fp16,polar,8,64,32,64,16,ok,85.61510359999374,1510.62,96679.48,0.0106,80.6547,0.167,199.918686,0,
2026-06-24T14:55:21+0700,rx6700xt,cl,fp16,polar,8,96,32,96,10,ok,191.26461119999294,717.0,68832.01,0.0139,185.5762,0.2349,292.103668,0,
2026-06-24T14:58:35+0700,rx6700xt,cl,fp16,polar,8,128,32,128,8,ok,212.5146120999998,543.97,69628.13,0.0147,206.6332,0.3167,674.621056,0,
2026-06-24T15:02:08+0700,rx6700xt,cl,fp16,gdn,4,16,16,16,50,ok,6.901361500000348,4666.05,74656.81,0.0107,2.9912,0.0349,-93.628662,0,
2026-06-24T15:02:14+0700,rx6700xt,cl,fp16,gdn,4,32,16,32,32,ok,11.059245399999782,3853.19,123302.19,0.0083,6.8496,0.0618,-27.277632,0,
2026-06-24T15:02:25+0700,rx6700xt,cl,fp16,gdn,4,48,16,48,21,ok,196.65225860000646,2548.76,122340.49,0.0082,192.3612,0.0908,-545.535956,0,
2026-06-24T15:05:42+0700,rx6700xt,cl,fp16,gdn,4,64,16,64,16,ok,354.4750548000011,1803.32,115412.79,0.0089,349.974,0.1325,-3146.426338,0,
2026-06-24T15:11:37+0700,rx6700xt,cl,fp16,gdn,4,96,16,96,10,ok,648.403476099993,1139.93,109432.89,0.0088,643.3516,0.1753,745.170572,0,
2026-06-24T15:22:25+0700,rx6700xt,cl,fp16,gdn,4,128,16,128,8,ok,1124.7502830000012,811.56,103879.24,0.0099,1119.5575,0.226,401.225973,0,
2026-06-24T15:41:10+0700,rx6700xt,cl,fp16,gdn,4,16,32,16,50,ok,16.886056400006055,4501.95,72031.19,0.0111,12.7738,0.0606,-1013.457314,0,
2026-06-24T15:41:27+0700,rx6700xt,cl,fp16,gdn,4,32,32,32,32,ok,308.5944229000015,2189.52,70064.52,0.0146,304.1715,0.1129,-5531.581181,0,
2026-06-24T15:46:35+0700,rx6700xt,cl,fp16,gdn,4,48,32,48,21,ok,512.6010318000044,1445.93,69404.76,0.0145,507.7598,0.1633,647804.9375,0,
2026-06-24T15:55:08+0700,rx6700xt,cl,fp16,gdn,4,64,32,64,16,ok,1434.160654399995,1072.95,68668.61,0.0149,1429.0174,0.216,-5545.946259,0,
2026-06-24T16:19:02+0700,rx6700xt,cl,fp16,gdn,4,96,32,96,10,ok,698.6324885999929,580.79,55755.93,0.0172,692.4668,0.3236,93311.057373,0,
2026-06-24T16:30:41+0700,rx6700xt,cl,fp16,gdn,4,128,32,128,8,ok,1208.5639480999962,419.19,53656.95,0.0191,1201.9538,0.4294,317748.278076,0,
2026-06-24T16:50:49+0700,rx6700xt,cl,fp16,gdn,8,16,16,16,50,ok,8.76674940000521,4669.41,74710.5,0.0107,4.7879,0.0377,-655.033051,0,
2026-06-24T16:50:58+0700,rx6700xt,cl,fp16,gdn,8,32,16,32,32,ok,15.519084800005658,3648.39,116748.38,0.0088,11.4611,0.0682,153.750305,0,
2026-06-24T16:51:14+0700,rx6700xt,cl,fp16,gdn,8,48,16,48,21,ok,197.05640380000114,2505.55,120266.3,0.0084,192.7673,0.0978,440.585754,0,
2026-06-24T16:54:31+0700,rx6700xt,cl,fp16,gdn,8,64,16,64,16,ok,352.80106130000786,1881.33,120405.43,0.0085,348.3698,0.1132,-543.405319,0,
2026-06-24T17:00:23+0700,rx6700xt,cl,fp16,gdn,8,96,16,96,10,ok,649.5502493000095,1242.16,119247.25,0.0081,644.6714,0.1691,4962.76532,0,
2026-06-24T17:11:13+0700,rx6700xt,cl,fp16,gdn,8,128,16,128,8,ok,1118.7054441999935,896.64,114769.9,0.0089,1113.4908,0.2235,-23570.980408,0,
2026-06-24T17:29:52+0700,rx6700xt,cl,fp16,gdn,8,16,32,16,50,ok,16.522166800001287,4346.92,69550.7,0.0115,12.4046,0.0618,-3381.962891,0,
2026-06-24T17:30:08+0700,rx6700xt,cl,fp16,gdn,8,32,32,32,32,ok,308.6313025000127,2170.77,69464.7,0.0147,304.2356,0.1123,-5496.80316,0,
2026-06-24T17:35:17+0700,rx6700xt,cl,fp16,gdn,8,48,32,48,21,ok,517.7638847999915,1419.13,68118.23,0.0148,512.9247,0.1638,-20572.264328,0,
2026-06-24T17:43:55+0700,rx6700xt,cl,fp16,gdn,8,64,32,64,16,ok,1445.339511099999,1014.2,64908.72,0.0158,1440.2079,0.2176,-17188.378601,0,
2026-06-24T18:08:00+0700,rx6700xt,cl,fp16,gdn,8,96,32,96,10,ok,877.803250099998,462.96,44444.03,0.0216,871.8034,0.3201,-712424.60981,0,
2026-06-24T18:22:38+0700,rx6700xt,cl,fp16,gdn,8,128,32,128,8,ok,1205.308589399996,283.94,36344.92,0.0282,1198.4632,0.4293,450604.938156,0,
